,precision,recall,f1-score,support
0,0.931758530183727,0.917312661498708,0.9244791666666666,387.0
1,0.5223880597014925,0.5737704918032787,0.5468749999999999,61.0
accuracy,0.8705357142857143,0.8705357142857143,0.8705357142857143,0.8705357142857143
macro avg,0.7270732949426097,0.7455415766509934,0.7356770833333333,448.0
weighted avg,0.876018354515387,0.8705357142857143,0.8730643136160714,448.0
