,precision,recall,f1-score,support
0,0.9444444444444444,0.8785529715762274,0.9103078982597056,387.0
1,0.4659090909090909,0.6721311475409836,0.5503355704697986,61.0
accuracy,0.8504464285714286,0.8504464285714286,0.8504464285714286,0.8504464285714286
macro avg,0.7051767676767676,0.7753420595586055,0.7303217343647521,448.0
weighted avg,0.8792867288961039,0.8504464285714286,0.8612938089847405,448.0
