,precision,recall,f1-score,support
0,0.9362880886426593,0.8733850129198967,0.9037433155080213,387.0
1,0.4367816091954023,0.6229508196721312,0.5135135135135136,61.0
accuracy,0.8392857142857143,0.8392857142857143,0.8392857142857143,0.8392857142857143
macro avg,0.6865348489190308,0.748167916296014,0.7086284145107675,448.0
weighted avg,0.8682749296107783,0.8392857142857143,0.8506093469328764,448.0
