,precision,recall,f1-score,support
0,0.922077922077922,0.917312661498708,0.9196891191709845,387.0
1,0.49206349206349204,0.5081967213114754,0.5,61.0
accuracy,0.8616071428571429,0.8616071428571429,0.8616071428571429,0.8616071428571429
macro avg,0.7070707070707071,0.7127546914050917,0.7098445595854923,448.0
weighted avg,0.8635268501339929,0.8616071428571429,0.8625439489267209,448.0
