,precision,recall,f1-score,support
0,0.8969072164948454,0.7435897435897436,0.8130841121495328,234.0
1,0.7489539748953975,0.8994974874371859,0.817351598173516,199.0
accuracy,0.815242494226328,0.815242494226328,0.815242494226328,0.815242494226328
macro avg,0.8229305956951214,0.8215436155134648,0.8152178551615243,433.0
weighted avg,0.8289102301708497,0.815242494226328,0.8150453817078992,433.0
