,precision,recall,f1-score,support
0,0.9920462762111352,1.0,0.9960072595281307,1372.0
1,1.0,0.9918938835666913,0.9959304476507584,1357.0
accuracy,0.9959692194943203,0.9959692194943203,0.9959692194943203,0.9959692194943203
macro avg,0.9960231381055675,0.9959469417833456,0.9959688535894446,2729.0
weighted avg,0.9960012792091161,0.9959692194943203,0.9959690646884114,2729.0
