,precision,recall,f1-score,support
0,0.8361774744027304,0.8448275862068966,0.8404802744425387,290.0
1,0.8562300319488818,0.8481012658227848,0.8521462639109697,316.0
accuracy,0.8465346534653465,0.8465346534653465,0.8465346534653465,0.8465346534653465
macro avg,0.8462037531758061,0.8464644260148406,0.8463132691767542,606.0
weighted avg,0.8466339235522088,0.8465346534653465,0.846563529676902,606.0
