,precision,recall,f1-score,support
0,0.9276315789473685,0.8924050632911392,0.9096774193548387,158.0
1,0.8874172185430463,0.9241379310344827,0.9054054054054054,145.0
accuracy,0.9075907590759076,0.9075907590759076,0.9075907590759076,0.9075907590759076
macro avg,0.9075243987452074,0.908271497162811,0.907541412380122,303.0
weighted avg,0.9083870830443099,0.9075907590759076,0.9076330562437237,303.0
