,precision,recall,f1-score,support
0,0.9475409836065574,0.9088050314465409,0.92776886035313,318.0
1,0.9036544850498339,0.9444444444444444,0.9235993208828523,288.0
accuracy,0.9257425742574258,0.9257425742574258,0.9257425742574258,0.9257425742574258
macro avg,0.9255977343281956,0.9266247379454926,0.9256840906179912,606.0
weighted avg,0.9266840337974215,0.9257425742574258,0.9257872970405228,606.0
