,precision,recall,f1-score,support
0,0.8847926267281107,0.8888888888888888,0.8868360277136258,216.0
1,0.8888888888888888,0.8847926267281107,0.8868360277136258,217.0
accuracy,0.8868360277136259,0.8868360277136259,0.8868360277136259,0.8868360277136259
macro avg,0.8868407578084998,0.8868407578084998,0.8868360277136258,433.0
weighted avg,0.8868454879033737,0.8868360277136259,0.8868360277136257,433.0
