,precision,recall,f1-score,support
0,0.9365853658536586,0.8687782805429864,0.9014084507042255,221.0
1,0.8728070175438597,0.9386792452830188,0.9045454545454547,212.0
accuracy,0.9030023094688222,0.9030023094688222,0.9030023094688222,0.9030023094688222
macro avg,0.9046961916987591,0.9037287629130026,0.9029769526248401,433.0
weighted avg,0.9053590151800388,0.9030023094688222,0.9029443509682915,433.0
