,precision,recall,f1-score,support
0,0.8827586206896552,0.8648648648648649,0.8737201365187713,148.0
1,0.8734177215189873,0.8903225806451613,0.8817891373801917,155.0
accuracy,0.8778877887788779,0.8778877887788779,0.8778877887788779,0.8778877887788779
macro avg,0.8780881711043212,0.8775937227550131,0.8777546369494815,303.0
weighted avg,0.8779802729290827,0.8778877887788779,0.8778478432300589,303.0
