,precision,recall,f1-score,support
0,0.9919028340080972,0.9991843393148451,0.9955302722470541,1226.0
1,0.9991603694374476,0.9916666666666667,0.9953994144709327,1200.0
accuracy,0.9954657873042044,0.9954657873042044,0.9954657873042044,0.9954657873042044
macro avg,0.9955316017227724,0.9954255029907559,0.9954648433589934,2426.0
weighted avg,0.9954927113845277,0.9954657873042044,0.9954655445754359,2426.0
