,precision,recall,f1-score,support
0,0.9949290060851927,0.9989816700610998,0.9969512195121952,982.0
1,0.999034749034749,0.9951923076923077,0.9971098265895953,1040.0
accuracy,0.9970326409495549,0.9970326409495549,0.9970326409495549,0.9970326409495549
macro avg,0.9969818775599708,0.9970869888767038,0.9970305230508953,2022.0
weighted avg,0.9970407630918884,0.9970326409495549,0.9970327978309372,2022.0
