,precision,recall,f1-score,support
0,0.8673913043478261,0.8028169014084507,0.8338557993730407,497.0
1,0.8218181818181818,0.8810916179337231,0.8504233301975541,513.0
accuracy,0.8425742574257425,0.8425742574257425,0.8425742574257425,0.8425742574257425
macro avg,0.8446047430830039,0.841954259671087,0.8421395647852974,1010.0
weighted avg,0.8442437678550464,0.8425742574257425,0.8422707927522242,1010.0
