,precision,recall,f1-score,support
0,0.9918962722852512,0.9991836734693877,0.9955266368442456,1225.0
1,0.9991610738255033,0.9916736053288926,0.9954032595068951,1201.0
accuracy,0.9954657873042044,0.9954657873042044,0.9954657873042044,0.9954657873042044
macro avg,0.9955286730553773,0.9954286393991402,0.9954649481755704,2426.0
weighted avg,0.9954927383404214,0.9954657873042044,0.9954655584509404,2426.0
