,precision,recall,f1-score,support
0,0.996309963099631,0.9941089837997055,0.9952082565425728,1358.0
1,0.9941775836972343,0.9963530269876003,0.995264116575592,1371.0
accuracy,0.9952363503114694,0.9952363503114694,0.9952363503114694,0.9952363503114694
macro avg,0.9952437733984327,0.9952310053936528,0.9952361865590824,2729.0
weighted avg,0.9952386944441945,0.9952363503114694,0.9952363196078969,2729.0
