,precision,recall,f1-score,support
0,0.9927378358750908,0.9992690058479532,0.9959927140255008,1368.0
1,0.9992603550295858,0.9926524614254225,0.9959454478437155,1361.0
accuracy,0.9959692194943203,0.9959692194943203,0.9959692194943203,0.9959692194943203
macro avg,0.9959990954523383,0.9959607336366878,0.9959690809346082,2729.0
weighted avg,0.9959907301840933,0.9959692194943203,0.9959691415544822,2729.0
