,precision,recall,f1-score,support
0,0.99581589958159,0.993322203672788,0.9945674885081488,1198.0
1,0.9935012185215272,0.995928338762215,0.9947132980886538,1228.0
accuracy,0.994641384995878,0.994641384995878,0.994641384995878,0.994641384995878
macro avg,0.9946585590515586,0.9946252712175014,0.9946403932984014,2426.0
weighted avg,0.9946442473384913,0.994641384995878,0.9946412948415618,2426.0
