,precision,recall,f1-score,support
0,0.889795918367347,0.7491408934707904,0.8134328358208955,291.0
1,0.7977839335180056,0.9142857142857143,0.8520710059171598,315.0
accuracy,0.834983498349835,0.834983498349835,0.834983498349835,0.834983498349835
macro avg,0.8437899259426762,0.8317133038782523,0.8327519208690277,606.0
weighted avg,0.8419679064407091,0.834983498349835,0.8335170331481616,606.0
