,precision,recall,f1-score,support
0,0.8973105134474327,0.6872659176029963,0.7783669141039238,534.0
1,0.7221297836938436,0.9117647058823529,0.8059424326833797,476.0
accuracy,0.7930693069306931,0.7930693069306931,0.7930693069306931,0.7930693069306931
macro avg,0.8097201485706382,0.7995153117426745,0.7921546733936518,1010.0
weighted avg,0.8147500903160382,0.7930693069306931,0.791362901078004,1010.0
