,precision,recall,f1-score,support
0,0.8780487804878049,0.75,0.8089887640449439,144.0
1,0.8,0.9056603773584906,0.8495575221238938,159.0
accuracy,0.8316831683168316,0.8316831683168316,0.8316831683168316,0.8316831683168316
macro avg,0.8390243902439025,0.8278301886792453,0.8292731430844189,303.0
weighted avg,0.8370924897367785,0.8316831683168316,0.8302773202645908,303.0
