,precision,recall,f1-score,support
0,0.9931707317073171,0.9990186457311089,0.9960861056751468,1019.0
1,0.9989969909729187,0.9930209371884346,0.996,1003.0
accuracy,0.9960435212660732,0.9960435212660732,0.9960435212660732,0.9960435212660732
macro avg,0.996083861340118,0.9960197914597717,0.9960430528375734,2022.0
weighted avg,0.9960608098692352,0.9960435212660732,0.996043393512846,2022.0
