,precision,recall,f1-score,support
0,0.996141975308642,0.9969111969111969,0.9965264376688537,1295.0
1,0.9969301611665388,0.9961656441717791,0.996547756041427,1304.0
accuracy,0.9965371296652559,0.9965371296652559,0.9965371296652559,0.9965371296652559
macro avg,0.9965360682375903,0.996538420541488,0.9965370968551404,2599.0
weighted avg,0.9965374329303033,0.9965371296652559,0.9965371337665204,2599.0
