,precision,recall,f1-score,support
0,0.9951124144672532,0.9960861056751468,0.9955990220048899,1022.0
1,0.995995995995996,0.995,0.9954977488744372,1000.0
accuracy,0.9955489614243324,0.9955489614243324,0.9955489614243324,0.9955489614243324
macro avg,0.9955542052316246,0.9955430528375734,0.9955483854396636,2022.0
weighted avg,0.9955493984082734,0.9955489614243324,0.9955489363815205,2022.0
