,precision,recall,f1-score,support
0,0.9922540666150271,0.999219968798752,0.9957248348231637,1282.0
1,0.9992354740061162,0.9924069855732726,0.9958095238095238,1317.0
accuracy,0.9957676029242016,0.9957676029242016,0.9957676029242016,0.9957676029242016
macro avg,0.9957447703105717,0.9958134771860123,0.9957671793163437,2599.0
weighted avg,0.995791778632751,0.9957676029242016,0.995767749557691,2599.0
