,precision,recall,f1-score,support
0,0.9916030534351145,0.9992307692307693,0.9954022988505746,1300.0
1,0.9992242048099301,0.99153194765204,0.9953632148377125,1299.0
accuracy,0.9953828395536745,0.9953828395536745,0.9953828395536745,0.9953828395536745
macro avg,0.9954136291225223,0.9953813584414046,0.9953827568441436,2599.0
weighted avg,0.9954121629525772,0.9953828395536745,0.9953827643631918,2599.0
