,precision,recall,f1-score,support
0,0.9138655462184874,0.8805668016194332,0.8969072164948453,494.0
1,0.8895131086142322,0.9205426356589147,0.9047619047619047,516.0
accuracy,0.900990099009901,0.900990099009901,0.900990099009901,0.900990099009901
macro avg,0.9016893274163598,0.900554718639174,0.900834560628375,1010.0
weighted avg,0.9014241028483927,0.900990099009901,0.9009201067382143,1010.0
