,precision,recall,f1-score,support
0,0.9102167182662538,0.7596899224806202,0.828169014084507,387.0
1,0.256,0.5245901639344263,0.34408602150537637,61.0
accuracy,0.7276785714285714,0.7276785714285714,0.7276785714285714,0.7276785714285714
macro avg,0.583108359133127,0.6421400432075233,0.5861275177949417,448.0
weighted avg,0.8211381026094647,0.7276785714285714,0.7622559280413664,448.0
