,precision,recall,f1-score,support
0,0.9347258485639687,0.9250645994832042,0.9298701298701298,387.0
1,0.5538461538461539,0.5901639344262295,0.5714285714285714,61.0
accuracy,0.8794642857142857,0.8794642857142857,0.8794642857142857,0.8794642857142857
macro avg,0.7442860012050613,0.7576142669547168,0.7506493506493506,448.0
weighted avg,0.8828649972742663,0.8794642857142857,0.8810644712430425,448.0
